{
  "namespace": "hud",
  
   "hotbar_slot_selected_image": {
    "type": "image",
    "texture": "little_nightmares/hud/hud",
    "size": [ 24, 120 ],
    "uv_size": [ 24, 24 ],
    "layer": 8,
    "uv": "@h_a",
    "disable_anim_fast_forward": true,
    "bindings": [
      {
        "binding_name": "#slot_selected",
        "binding_name_override": "#visible",
        "binding_type": "collection",
        "binding_collection_name": "$hotbar_collection_name"
      }
    ]
  },
  
    "h_a": {
    "anim_type": "flip_book",
    "initial_uv": [ 0, 0 ],
    "frame_count": 5,
    "frame_step": 5,
    "fps": 10,
    "reversible": true,
    "easing": "linear"
    }
}