{
  "namespace": "common_art",
  "title_image": {
    "type": "image",
    "layer": 1,
	"size": [ 180, 72 ],
    "texture": "little_nightmares/title/little_nightmares"
  },
  "title_panel_pocket": {
    "type": "panel",
    "offset": [ 0, "5%" ],
    "anchor_from": "top_middle",
    "anchor_to": "top_middle",
    "size": [ "100%", "12.5%x" ],
    "controls": [
      { "title_image@common_art.title_image": {} },
      {
        "splash_text@splash_text": {
          "offset": [ -128, 21 ]
        }
      }
    ]
  },
  "title_panel_win10": {
    "type": "panel",
    "size": [ "55%", "18.85%x" ],
    "offset": [ 0, "10%" ],
    "anchor_from": "top_middle",
    "anchor_to": "top_middle",
    "controls": [
      { "title_image@common_art.title_image": {} },
      {
        "splash_text@splash_text": {
          "offset": [ -45, 25 ]
        }
      }
    ]
  },
  "title_panel_osx": {
    "type": "panel",
    "size": [ "55%", "19.37%x" ],
    "offset": [ 0, "10%" ],
    "anchor_from": "top_middle",
    "anchor_to": "top_middle",
    "controls": [
      { "title_image@common_art.title_image": {} },
      {
        "splash_text@splash_text": {
          "offset": [ -45, 25 ]
        }
      }
    ]
  },
  "title_panel_edu": {
    "type": "panel",
    "size": [ "100%", 62 ],
    "anchor_from": "top_middle",
    "anchor_to": "top_middle",
    "offset": [ 0, "2.5%" ],
    "controls": [
      {
        "banner_control": {
          "type": "panel",
          "ignored": true, // commit 9038293a5d684e150321d46fee14e6beb0043c42 to bring it back
          "controls": [
            {
              "banner": {
                "type": "image",
                "texture": "textures/ui/edu_green_tile",
                "tiled": true,
                "tiled_scale": [ 0.78, 0.78 ]
              }
            },
            {
              "drop_shadow": {
                "type": "image",
                "texture": "textures/ui/Black",
                "offset": [ 0, 1 ],
                "size": [ "100%", 1 ],
                "alpha": 0.3,
                "anchor_from": "bottom_middle",
                "anchor_to": "bottom_middle"
              }
            }
          ]
        }
      },
      {
        "title_control": {
          "type": "panel",
          "size": [ "410.59%y", 48 ],
          "layer": 1,
          "controls": [
            { "title_image_edu@common_art.title_image_edu": {} },
            {
              "splash_text@splash_text": {
                "offset": [ -45, 21 ]
              }
            }
          ]
        }
      }
    ]
  },
  "title_panel_firetv": {
    "type": "panel",
    "offset": [ 0, "10%" ],
    "anchor_from": "top_middle",
    "anchor_to": "top_middle",
    "size": [ "55%", "19.37%x" ],
    "controls": [
      { "title_image@common_art.title_image": {} },
      {
        "splash_text@splash_text": {
          "offset": [ -45, 27 ]
        }
      }
    ]
  },
  "title_panel_vr": {
    "type": "panel",
    "size": [ "55%", "19.37%x" ],
    "offset": [ 0, "10%" ],
    "anchor_from": "top_middle",
    "anchor_to": "top_middle",
    "controls": [
      { "title_image@common_art.title_image": {} },
      {
        "splash_text@splash_text": {
          "offset": [ -45, 27 ]
        }
      }
    ]
  }
}