{
  "biomes": {
    "default": {
      "water_surface_color": "#4F6F8C",
      "water_surface_transparency": 0.70,
      "water_fog_color": "#4F6F8C",
      "water_fog_distance": 18,
      "fog_color": "#ABD4FF"
    },
    "river": {
      "water_surface_color": "#4F6F8C",
      "water_fog_color": "#4F6F8C",
      "water_fog_distance": 18,
      "fog_color": "#BED7E2"
    },
    "frozen_river": {
      "water_surface_color": "#19394E",
      "water_fog_color": "#19394E",
      "water_fog_distance": 15,
      "fog_color": "#DFDFDF"
    },
    "beach": {
      "water_surface_color": "#59BFBF",
      "water_fog_color": "#59BFBF",
      "water_fog_distance": 20,
      "fog_color": "#B8E0EC"
    },
    "stone_beach": {
      "water_surface_color": "#59BFBF",
      "water_fog_color": "#59BFBF",
      "water_fog_distance": 20,
      "fog_color": "#B8E0EC"
    },
    "cold_beach": {
      "water_surface_color": "#315575",
      "water_fog_color": "#315575",
      "water_fog_distance": 15,
      "fog_color": "#DFDFDF"
    },
    "warm_ocean": {
      "water_surface_color": "#59BFBF",
      "water_surface_transparency": 0.5,
      "water_fog_color": "#59BFBF",
      "water_fog_distance": 20,
      "fog_color": "#B3EAF7"
    },
    "deep_warm_ocean": {
      "water_surface_color": "#59BFBF",
      "water_surface_transparency": 0.5,
      "water_fog_color": "#59BFBF",
      "water_fog_distance": 40,
      "fog_color": "#B3EAF7"
    },
    "lukewarm_ocean": {
      "water_surface_color": "#5198AE",
      "water_surface_transparency": 0.53,
      "water_fog_color": "#5198AE",
      "water_fog_distance": 25,
      "fog_color": "#B8E0EC"
    },
    "deep_lukewarm_ocean": {
      "water_surface_color": "#5198AE",
      "water_surface_transparency": 0.53,
      "water_fog_color": "#5198AE",
      "water_fog_distance": 30,
      "fog_color": "#B8E0EC"
    },
    "ocean": {
      "water_surface_color": "#48709C",
      "water_surface_transparency": 0.56,
      "water_fog_color": "#48709C",
      "water_fog_distance": 25,
      "fog_color": "#BED7E2"
    },
    "deep_ocean": {
      "water_surface_color": "#48709C",
      "water_surface_transparency": 0.56,
      "water_fog_color": "#48709C",
      "water_fog_distance": 20,
      "fog_color": "#BED7E2"
    },
    "cold_ocean": {
      "water_surface_color": "#315575",
      "water_fog_color": "#315575",
      "water_fog_distance": 20,
      "fog_color": "#C3CDD7"
    },
    "deep_cold_ocean": {
      "water_surface_color": "#315575",
      "water_fog_color": "#315575",
      "water_fog_distance": 30,
      "fog_color": "#C3CDD7"
    },
    "frozen_ocean": {
      "water_surface_color": "#19394E",
      "water_fog_color": "#19394E",
      "water_fog_distance": 20,
      "fog_color": "#DFDFDF"
    },
    "deep_frozen_ocean": {
      "water_surface_color": "#19394E",
      "water_fog_color": "#19394E",
      "water_fog_distance": 10,
      "fog_color": "#DFDFDF"
    },
    "plains": {
      "water_surface_color": "#637B6C",
      "water_fog_color": "#637B6C"
    },
    "sunflower_plains": {
      "water_surface_color": "#57747F",
      "water_fog_color": "#57747F"
    },
    "forest": {
      "water_surface_color": "#507068",
      "water_fog_color": "#507068"
    },
    "forest_hills": {
      "water_surface_color": "#507068",
      "water_fog_color": "#507068"
    },
    "birch_forest": {
      "water_surface_color": "#6D8973",
      "water_fog_color": "#6D8973",
      "fog_color": "#A0C9D4"
    },
    "birch_forest_hills": {
      "water_surface_color": "#6D8973",
      "water_fog_color": "#6D8973",
      "fog_color": "#A0C9D4"
    },
    "flower_forest": {
      "water_surface_color": "#507076",
      "water_fog_color": "#507076"
    },
    "savanna": {
      "water_surface_color": "#777C53",
      "water_surface_transparency": 0.75,
      "water_fog_color": "#535D3A",
      "water_fog_distance": 10,
      "fog_color": "#9FB7A1"
    },
    "savanna_plateau": {
      "water_surface_color": "#777C53",
      "water_surface_transparency": 0.75,
      "water_fog_color": "#535D3A",
      "water_fog_distance": 10,
      "fog_color": "#9FB7A1"
    },
    "savanna_mutated": {
      "water_surface_color": "#50775A",
      "water_fog_color": "#50775A",
      "fog_color": "#90CCF2"
    },
    "desert": {
      "water_surface_color": "#BEC4A7",
      "water_surface_transparency": 0.75,
      "water_fog_color": "#BEC4A7",
      "water_fog_distance": 10,
      "fog_color": "#CAC8A4"
    },
    "desert_hills": {
      "water_surface_color": "#BEC4A7",
      "water_surface_transparency": 0.75,
      "water_fog_color": "#BEC4A7",
      "water_fog_distance": 10,
      "fog_color": "#CAC8A4"
    },
    "mesa": {
      "water_surface_color": "#927261",
      "water_surface_transparency": 0.75,
      "water_fog_color": "#927261",
      "water_fog_distance": 10,
      "fog_color": "#D2A575"
    },
    "mesa_plateau": {
      "water_surface_color": "#927261",
      "water_surface_transparency": 0.75,
      "water_fog_color": "#927261",
      "water_fog_distance": 10,
      "fog_color": "#D2A575"
    },
    "mesa_plateau_stone": {
      "water_surface_color": "#927261",
      "water_surface_transparency": 0.75,
      "water_fog_color": "#927261",
      "water_fog_distance": 10,
      "fog_color": "#D2A575"
    },
    "mesa_bryce": {
      "water_surface_color": "#927261",
      "water_surface_transparency": 0.75,
      "water_fog_color": "#927261",
      "water_fog_distance": 10,
      "fog_color": "#D2A575"
    },
    "mesa_mutated": {
      "water_surface_color": "#927261",
      "water_surface_transparency": 0.75,
      "water_fog_color": "#927261",
      "water_fog_distance": 10,
      "fog_color": "#D2A575"
    },
    "swampland": {
      "water_surface_color": "#3E3F2A",
      "water_surface_transparency": 0.95,
      "water_fog_color": "#3E3F2A",
      "water_fog_distance": 5,
      "fog_color": "#A2B294"
    },
    "swampland_mutated": {
      "water_surface_color": "#3E3F2A",
      "water_surface_transparency": 0.95,
      "water_fog_color": "#3E3F2A",
      "water_fog_distance": 5,
      "fog_color": "#A2B294"
    },
    "mushroom_island": {
      "water_surface_color": "#7A6E73",
      "water_surface_transparency": 0.75,
      "water_fog_color": "#7A6E73",
      "water_fog_distance": 10,
      "fog_color": "#7B7273"
    },
    "mushroom_island_shore": {
      "water_surface_color": "#7A6E73",
      "water_surface_transparency": 0.75,
      "water_fog_color": "#7A6E73",
      "water_fog_distance": 10,
      "fog_color": "#7B7273"
    },
    "jungle": {
      "water_surface_color": "#437B58",
      "water_fog_color": "#437B58",
      "fog_color": "#90CCF2"
    },
    "jungle_hills": {
      "water_surface_color": "#437B58",
      "water_fog_color": "#437B58",
      "fog_color": "#90CCF2"
    },
    "jungle_mutated": {
      "water_surface_color": "#437B58",
      "water_fog_color": "#437B58",
      "fog_color": "#90CCF2"
    },
    "bamboo_jungle": {
      "water_surface_color": "#437B58",
      "water_fog_color": "#437B58",
      "fog_color": "#90CCF2"
    },
    "bamboo_jungle_hills": {
      "water_surface_color": "#437B58",
      "water_fog_color": "#437B58",
      "fog_color": "#90CCF2"
    },
    "jungle_edge": {
      "water_surface_color": "#437B58",
      "water_fog_color": "#437B58",
      "fog_color": "#90CCF2"
    },
    "roofed_forest": {
      "water_surface_color": "#43503F",
      "water_surface_transparency": 0.75,
      "water_fog_color": "#43503F"
    },
    "taiga": {
      "water_surface_color": "#5F7D74",
      "water_fog_color": "#5F7D74",
      "fog_color": "#90CCF2"
    },
    "taiga_hills": {
      "water_surface_color": "#5F7D74",
      "water_fog_color": "#5F7D74",
      "fog_color": "#90CCF2"
    },
    "taiga_mutated": {
      "water_surface_color": "#5F7D74",
      "water_fog_color": "#5F7D74",
      "fog_color": "#90CCF2"
    },
    "cold_taiga": {
      "water_surface_color": "#4A5765",
      "water_fog_color": "#4A5765",
      "water_fog_distance": 10,
      "fog_color": "#DFDFDF"
    },
    "cold_taiga_hills": {
      "water_surface_color": "#4A5765",
      "water_fog_color": "#4A5765",
      "water_fog_distance": 10,
      "fog_color": "#DFDFDF"
    },
    "cold_taiga_mutated": {
      "water_surface_color": "#4A5765",
      "water_fog_color": "#4A5765",
      "water_fog_distance": 5,
      "fog_color": "#DFDFDF"
    },
    "mega_taiga": {
      "water_surface_color": "#5E5F4C",
      "water_surface_transparency": 0.75,
      "water_fog_color": "#5E5F4C",
      "water_fog_distance": 10,
      "fog_color": "#90CCF2"
    },
    "mega_taiga_hills": {
      "water_surface_color": "#5E5F4C",
      "water_surface_transparency": 0.75,
      "water_fog_color": "#5E5F4C",
      "water_fog_distance": 10,
      "fog_color": "#90CCF2"
    },
    "mega_taiga_mutated": {
      "water_surface_color": "#5E5F4C",
      "water_surface_transparency": 0.75,
      "water_fog_color": "#5E5F4C",
      "water_fog_distance": 10,
      "fog_color": "#90CCF2"
    },
    "mega_spruce_taiga": {
      "water_surface_color": "#5E5F4C",
      "water_surface_transparency": 0.75,
      "water_fog_color": "#5E5F4C",
      "water_fog_distance": 10,
      "fog_color": "#90CCF2"
    },
    "mega_spruce_taiga_mutated": {
      "water_surface_color": "#5E5F4C",
      "water_surface_transparency": 0.75,
      "water_fog_color": "#5E5F4C",
      "water_fog_distance": 10,
      "fog_color": "#90CCF2"
    },
    "extreme_hills": {
      "water_surface_color": "#6F7F8D",
      "water_fog_color": "#6F7F8D"
    },
    "extreme_hills_mutated": {
      "water_surface_color": "#6F7F8D",
      "water_fog_color": "#6F7F8D"
    },
    "extreme_hills_plus_trees": {
      "water_surface_color": "#6E8275",
      "water_fog_color": "#6E8275",
      "fog_color": "#90CCF2"
    },
    "extreme_hills_plus_trees_mutated": {
      "water_surface_color": "#6E8275",
      "water_fog_color": "#6E8275",
      "fog_color": "#90CCF2"
    },
    "extreme_hills_edge": {
      "water_surface_color": "#6F7F8D",
      "water_fog_color": "#6F7F8D"
    },
    "ice_plains": {
      "water_surface_color": "#434A60",
      "water_surface_transparency": 0.75,
      "water_fog_color": "#434A60",
      "water_fog_distance": 10,
      "fog_color": "#DFDFDF"
    },
    "ice_plains_spikes": {
      "water_surface_color": "#434A60",
      "water_surface_transparency": 0.75,
      "water_fog_color": "#434A60",
      "water_fog_distance": 10,
      "fog_color": "#DFDFDF"
    },
    "ice_mountains": {
      "water_surface_color": "#434A60",
      "water_surface_transparency": 0.75,
      "water_fog_color": "#434A60",
      "water_fog_distance": 10,
      "fog_color": "#DFDFDF"
    },
    "hell": {
      "water_surface_color": "#663F3F",
      "water_fog_color": "#663F3F",
      "fog_color": "#2F0707"
    },
    "crimson_forest": {
      "water_surface_color": "#7C3030",
      "water_surface_transparency": 0.75,
      "water_fog_color": "#7C3030",
      "water_fog_distance": 10,
      "fog_color": "#330303"
    },
    "warped_forest": {
      "water_surface_color": "#3F6D66",
      "water_surface_transparency": 0.75,
      "water_fog_color": "#3F6D66",
      "water_fog_distance": 10,
      "fog_color": "#1A051A"
    },
    "soulsand_valley": {
      "water_surface_color": "#534740",
      "water_surface_transparency": 0.75,
      "water_fog_color": "#534740",
      "water_fog_distance": 10,
      "fog_color": "#1B4745"
    },
    "basalt_deltas": {
      "water_surface_color": "#3f76e4",
      "water_surface_transparency": 0.75,
      "water_fog_color": "#423e42",
      "water_fog_distance": 10,
      "fog_color": "#685f70"
    },
    "the_end": {
      "water_surface_color": "#B5B8AC",
      "water_surface_transparency": 0.75,
      "water_fog_color": "#B5B8AC",
      "water_fog_distance": 10,
      "fog_color": "#161018"
    }
  }
}
